{
  "benchmark": "terminal-pipeline",
  "label": "dev-batch2ms",
  "timestamp": "2026-07-03T20:29:12.240Z",
  "terminal": {
    "program": "Orca",
    "version": "1.4.120",
    "term": "xterm-256color",
    "cols": 282,
    "rows": 80,
    "tty": true
  },
  "machine": {
    "platform": "darwin",
    "arch": "arm64",
    "cpu": "Apple M4",
    "release": "25.2.0",
    "node": "v26.0.0"
  },
  "config": {
    "sizeMb": 3,
    "iterations": 5,
    "dsrCount": 200
  },
  "dsrIdle": {
    "count": 200,
    "p50": 1.5039170000000013,
    "p90": 4.130499999999984,
    "p99": 14.714749999999981,
    "max": 82.719833,
    "timeouts": 0
  },
  "throughput": [
    {
      "fixture": "ascii-log",
      "fixtureBytes": 3145851,
      "wallMs": {
        "count": 5,
        "p50": 675.0551660000001,
        "p90": 1331.6419580000002,
        "p99": 1331.6419580000002,
        "max": 1331.6419580000002
      },
      "mbPerSec": {
        "count": 5,
        "p50": 4.444255007658022,
        "p90": 7.383804508967684,
        "p99": 7.383804508967684,
        "max": 7.383804508967684
      }
    },
    {
      "fixture": "cjk-emoji",
      "fixtureBytes": 3145785,
      "wallMs": {
        "count": 5,
        "p50": 308.82854099999986,
        "p90": 431.20550000000003,
        "p99": 431.20550000000003,
        "max": 431.20550000000003
      },
      "mbPerSec": {
        "count": 5,
        "p50": 9.714304091589891,
        "p90": 10.261337926284375,
        "p99": 10.261337926284375,
        "max": 10.261337926284375
      }
    },
    {
      "fixture": "agent-tui",
      "fixtureBytes": 3146560,
      "wallMs": {
        "count": 5,
        "p50": 306.4545420000013,
        "p90": 330.3279170000005,
        "p99": 330.3279170000005,
        "max": 330.3279170000005
      },
      "mbPerSec": {
        "count": 5,
        "p50": 9.791969267113153,
        "p90": 10.547125590007429,
        "p99": 10.547125590007429,
        "max": 10.547125590007429
      }
    },
    {
      "fixture": "styles-stress",
      "fixtureBytes": 3145734,
      "wallMs": {
        "count": 5,
        "p50": 645.0449580000004,
        "p90": 704.4664589999993,
        "p99": 704.4664589999993,
        "max": 704.4664589999993
      },
      "mbPerSec": {
        "count": 5,
        "p50": 4.650847487200879,
        "p90": 4.823647924291215,
        "p99": 4.823647924291215,
        "max": 4.823647924291215
      }
    }
  ],
  "dsrUnderLoad": {
    "paceBytesPerSec": 1048576,
    "count": 50,
    "p50": 8.004875000000538,
    "p90": 10.1282910000009,
    "p99": 12.25512499999968,
    "max": 12.25512499999968,
    "timeouts": 0
  }
}
